<?xml version="1.0" encoding="UTF-8"?>
<vcs-root xmlns:xsi="http://www.w3.org/2001/XMLSchema-instance" uuid="fb8b8151-d041-4195-8590-831662995cc7" type="jetbrains.git" xsi:noNamespaceSchemaLocation="https://www.jetbrains.com/teamcity/schemas/2021.1/project-config.xsd">
  <name>https://github.com/D0rianGrey/TeamCityExperiment#refs/heads/master</name>
  <param name="agentCleanFilesPolicy" value="ALL_UNTRACKED" />
  <param name="agentCleanPolicy" value="ON_BRANCH_CHANGE" />
  <param name="authMethod" value="PASSWORD" />
  <param name="branch" value="refs/heads/master" />
  <param name="ignoreKnownHosts" value="true" />
  <param name="secure:password" value="zxx1dbaf51b0050c9db0052714c45038a630ca18794a3f667b561e15aab4ef46d65b39976c4cb3c2d1e775d03cbe80d301b" />
  <param name="submoduleCheckout" value="CHECKOUT" />
  <param name="teamcity:branchSpec" value="refs/heads/*" />
  <param name="url" value="https://github.com/D0rianGrey/TeamCityExperiment" />
  <param name="useAlternates" value="AUTO" />
  <param name="username" value="D0rianGrey" />
  <param name="usernameStyle" value="USERID" />
</vcs-root>

